feature,gain_pct
lag_0,51.063
roll30_max,10.531
lag_5,8.206
cob_glucose,7.234
time_since_meal,2.599
time_since_activity,2.304
hour_cos,2.252
hour_sin,2.184
cob,1.766
roll60_min,1.417
weather_now,1.22
roll30_mean,1.13
iob,0.987
roll60_max,0.972
roll30_min,0.648
roll60_std,0.599
lag_60,0.589
iob_glucose,0.549
steps_60,0.504
roll60_mean,0.497
lag_10,0.438
hr_now,0.403
rate_long,0.334
lag_45,0.28
steps_30,0.253
roll30_std,0.247
lag_30,0.159
steps_15,0.146
rate_short,0.134
is_weekend,0.119
lag_15,0.118
accel,0.095
workout_flag,0.023
