horizon_min,space,metric,k,weight,skill
30,std,euclidean,5,uniform,0.1185
30,std,euclidean,5,inverse,0.1168
30,std,euclidean,5,inverse_sq,0.1141
30,std,euclidean,5,gaussian,0.116
30,std,euclidean,5,tricube,0.0231
30,std,euclidean,10,uniform,0.1436
30,std,euclidean,10,inverse,0.1429
30,std,euclidean,10,inverse_sq,0.1411
30,std,euclidean,10,gaussian,0.1428
30,std,euclidean,10,tricube,0.07
30,std,euclidean,20,uniform,0.1632
30,std,euclidean,20,inverse,0.1629
30,std,euclidean,20,inverse_sq,0.1615
30,std,euclidean,20,gaussian,0.1629
30,std,euclidean,20,tricube,0.1108
30,std,euclidean,40,uniform,0.1619
30,std,euclidean,40,inverse,0.1631
30,std,euclidean,40,inverse_sq,0.1635
30,std,euclidean,40,gaussian,0.1635
30,std,euclidean,40,tricube,0.142
30,std,euclidean,75,uniform,0.1575
30,std,euclidean,75,inverse,0.1596
30,std,euclidean,75,inverse_sq,0.1613
30,std,euclidean,75,gaussian,0.1601
30,std,euclidean,75,tricube,0.1566
30,std,euclidean,125,uniform,0.1567
30,std,euclidean,125,inverse,0.1588
30,std,euclidean,125,inverse_sq,0.1608
30,std,euclidean,125,gaussian,0.1591
30,std,euclidean,125,tricube,0.1633
30,std,euclidean,200,uniform,0.1559
30,std,euclidean,200,inverse,0.1578
30,std,euclidean,200,inverse_sq,0.1601
30,std,euclidean,200,gaussian,0.1581
30,std,euclidean,200,tricube,0.1657
30,std,euclidean,300,uniform,0.1526
30,std,euclidean,300,inverse,0.1548
30,std,euclidean,300,inverse_sq,0.1574
30,std,euclidean,300,gaussian,0.155
30,std,euclidean,300,tricube,0.1662
30,std,euclidean,500,uniform,0.1455
30,std,euclidean,500,inverse,0.1482
30,std,euclidean,500,inverse_sq,0.1515
30,std,euclidean,500,gaussian,0.1485
30,std,euclidean,500,tricube,0.1646
30,std,euclidean,800,uniform,0.1392
30,std,euclidean,800,inverse,0.1423
30,std,euclidean,800,inverse_sq,0.1461
30,std,euclidean,800,gaussian,0.1426
30,std,euclidean,800,tricube,0.1615
30,std,manhattan,5,uniform,0.1154
30,std,manhattan,5,inverse,0.113
30,std,manhattan,5,inverse_sq,0.1094
30,std,manhattan,5,gaussian,0.1118
30,std,manhattan,5,tricube,0.0055
30,std,manhattan,10,uniform,0.1376
30,std,manhattan,10,inverse,0.1371
30,std,manhattan,10,inverse_sq,0.1353
30,std,manhattan,10,gaussian,0.1373
30,std,manhattan,10,tricube,0.0665
30,std,manhattan,20,uniform,0.1522
30,std,manhattan,20,inverse,0.1527
30,std,manhattan,20,inverse_sq,0.152
30,std,manhattan,20,gaussian,0.1529
30,std,manhattan,20,tricube,0.1111
30,std,manhattan,40,uniform,0.1589
30,std,manhattan,40,inverse,0.1599
30,std,manhattan,40,inverse_sq,0.1602
30,std,manhattan,40,gaussian,0.16
30,std,manhattan,40,tricube,0.1386
30,std,manhattan,75,uniform,0.1593
30,std,manhattan,75,inverse,0.1609
30,std,manhattan,75,inverse_sq,0.1622
30,std,manhattan,75,gaussian,0.161
30,std,manhattan,75,tricube,0.1539
30,std,manhattan,125,uniform,0.1585
30,std,manhattan,125,inverse,0.1602
30,std,manhattan,125,inverse_sq,0.162
30,std,manhattan,125,gaussian,0.1603
30,std,manhattan,125,tricube,0.1608
30,std,manhattan,200,uniform,0.1558
30,std,manhattan,200,inverse,0.1578
30,std,manhattan,200,inverse_sq,0.16
30,std,manhattan,200,gaussian,0.1579
30,std,manhattan,200,tricube,0.1636
30,std,manhattan,300,uniform,0.1517
30,std,manhattan,300,inverse,0.154
30,std,manhattan,300,inverse_sq,0.1568
30,std,manhattan,300,gaussian,0.1542
30,std,manhattan,300,tricube,0.1642
30,std,manhattan,500,uniform,0.1437
30,std,manhattan,500,inverse,0.1467
30,std,manhattan,500,inverse_sq,0.1504
30,std,manhattan,500,gaussian,0.1471
30,std,manhattan,500,tricube,0.1629
30,std,manhattan,800,uniform,0.136
30,std,manhattan,800,inverse,0.1397
30,std,manhattan,800,inverse_sq,0.1442
30,std,manhattan,800,gaussian,0.14
30,std,manhattan,800,tricube,0.1598
30,std,minkowski1.5,5,uniform,0.1154
30,std,minkowski1.5,5,inverse,0.1141
30,std,minkowski1.5,5,inverse_sq,0.1117
30,std,minkowski1.5,5,gaussian,0.1135
30,std,minkowski1.5,5,tricube,0.0219
30,std,minkowski1.5,10,uniform,0.1396
30,std,minkowski1.5,10,inverse,0.1392
30,std,minkowski1.5,10,inverse_sq,0.1375
30,std,minkowski1.5,10,gaussian,0.1393
30,std,minkowski1.5,10,tricube,0.0734
30,std,minkowski1.5,20,uniform,0.1565
30,std,minkowski1.5,20,inverse,0.1565
30,std,minkowski1.5,20,inverse_sq,0.1553
30,std,minkowski1.5,20,gaussian,0.1566
30,std,minkowski1.5,20,tricube,0.1125
30,std,minkowski1.5,40,uniform,0.1605
30,std,minkowski1.5,40,inverse,0.1616
30,std,minkowski1.5,40,inverse_sq,0.1619
30,std,minkowski1.5,40,gaussian,0.1619
30,std,minkowski1.5,40,tricube,0.1398
30,std,minkowski1.5,75,uniform,0.1609
30,std,minkowski1.5,75,inverse,0.1626
30,std,minkowski1.5,75,inverse_sq,0.1641
30,std,minkowski1.5,75,gaussian,0.1629
30,std,minkowski1.5,75,tricube,0.1548
30,std,minkowski1.5,125,uniform,0.1599
30,std,minkowski1.5,125,inverse,0.1617
30,std,minkowski1.5,125,inverse_sq,0.1636
30,std,minkowski1.5,125,gaussian,0.1619
30,std,minkowski1.5,125,tricube,0.163
30,std,minkowski1.5,200,uniform,0.1582
30,std,minkowski1.5,200,inverse,0.1601
30,std,minkowski1.5,200,inverse_sq,0.1622
30,std,minkowski1.5,200,gaussian,0.1602
30,std,minkowski1.5,200,tricube,0.166
30,std,minkowski1.5,300,uniform,0.154
30,std,minkowski1.5,300,inverse,0.1562
30,std,minkowski1.5,300,inverse_sq,0.1588
30,std,minkowski1.5,300,gaussian,0.1564
30,std,minkowski1.5,300,tricube,0.1667
30,std,minkowski1.5,500,uniform,0.1465
30,std,minkowski1.5,500,inverse,0.1492
30,std,minkowski1.5,500,inverse_sq,0.1526
30,std,minkowski1.5,500,gaussian,0.1496
30,std,minkowski1.5,500,tricube,0.1656
30,std,minkowski1.5,800,uniform,0.1395
30,std,minkowski1.5,800,inverse,0.1428
30,std,minkowski1.5,800,inverse_sq,0.1468
30,std,minkowski1.5,800,gaussian,0.1431
30,std,minkowski1.5,800,tricube,0.1626
30,std,cosine,5,uniform,0.1166
30,std,cosine,5,inverse,0.1107
30,std,cosine,5,inverse_sq,0.1003
30,std,cosine,5,gaussian,0.1106
30,std,cosine,5,tricube,0.0186
30,std,cosine,10,uniform,0.1383
30,std,cosine,10,inverse,0.1367
30,std,cosine,10,inverse_sq,0.1288
30,std,cosine,10,gaussian,0.1379
30,std,cosine,10,tricube,0.0817
30,std,cosine,20,uniform,0.1583
30,std,cosine,20,inverse,0.1577
30,std,cosine,20,inverse_sq,0.1507
30,std,cosine,20,gaussian,0.1582
30,std,cosine,20,tricube,0.122
30,std,cosine,40,uniform,0.1633
30,std,cosine,40,inverse,0.1651
30,std,cosine,40,inverse_sq,0.1612
30,std,cosine,40,gaussian,0.1651
30,std,cosine,40,tricube,0.147
30,std,cosine,75,uniform,0.1618
30,std,cosine,75,inverse,0.165
30,std,cosine,75,inverse_sq,0.1643
30,std,cosine,75,gaussian,0.1644
30,std,cosine,75,tricube,0.1621
30,std,cosine,125,uniform,0.1564
30,std,cosine,125,inverse,0.1614
30,std,cosine,125,inverse_sq,0.1638
30,std,cosine,125,gaussian,0.1602
30,std,cosine,125,tricube,0.1655
30,std,cosine,200,uniform,0.1514
30,std,cosine,200,inverse,0.157
30,std,cosine,200,inverse_sq,0.1618
30,std,cosine,200,gaussian,0.1552
30,std,cosine,200,tricube,0.1639
30,std,cosine,300,uniform,0.1456
30,std,cosine,300,inverse,0.1521
30,std,cosine,300,inverse_sq,0.159
30,std,cosine,300,gaussian,0.1498
30,std,cosine,300,tricube,0.1604
30,std,cosine,500,uniform,0.1392
30,std,cosine,500,inverse,0.1464
30,std,cosine,500,inverse_sq,0.1556
30,std,cosine,500,gaussian,0.1435
30,std,cosine,500,tricube,0.1544
30,std,cosine,800,uniform,0.1319
30,std,cosine,800,inverse,0.1401
30,std,cosine,800,inverse_sq,0.1514
30,std,cosine,800,gaussian,0.1365
30,std,cosine,800,tricube,0.1482
30,imp,euclidean,5,uniform,0.0915
30,imp,euclidean,5,inverse,0.0902
30,imp,euclidean,5,inverse_sq,0.0878
30,imp,euclidean,5,gaussian,0.0896
30,imp,euclidean,5,tricube,0.005
30,imp,euclidean,10,uniform,0.1259
30,imp,euclidean,10,inverse,0.126
30,imp,euclidean,10,inverse_sq,0.1247
30,imp,euclidean,10,gaussian,0.1256
30,imp,euclidean,10,tricube,0.0511
30,imp,euclidean,20,uniform,0.1463
30,imp,euclidean,20,inverse,0.1465
30,imp,euclidean,20,inverse_sq,0.1459
30,imp,euclidean,20,gaussian,0.1461
30,imp,euclidean,20,tricube,0.0967
30,imp,euclidean,40,uniform,0.1566
30,imp,euclidean,40,inverse,0.1569
30,imp,euclidean,40,inverse_sq,0.1566
30,imp,euclidean,40,gaussian,0.1566
30,imp,euclidean,40,tricube,0.1277
30,imp,euclidean,75,uniform,0.1608
30,imp,euclidean,75,inverse,0.1613
30,imp,euclidean,75,inverse_sq,0.1615
30,imp,euclidean,75,gaussian,0.1612
30,imp,euclidean,75,tricube,0.1461
30,imp,euclidean,125,uniform,0.1625
30,imp,euclidean,125,inverse,0.1633
30,imp,euclidean,125,inverse_sq,0.164
30,imp,euclidean,125,gaussian,0.1633
30,imp,euclidean,125,tricube,0.1557
30,imp,euclidean,200,uniform,0.1599
30,imp,euclidean,200,inverse,0.1614
30,imp,euclidean,200,inverse_sq,0.1629
30,imp,euclidean,200,gaussian,0.1616
30,imp,euclidean,200,tricube,0.1617
30,imp,euclidean,300,uniform,0.1552
30,imp,euclidean,300,inverse,0.1575
30,imp,euclidean,300,inverse_sq,0.1598
30,imp,euclidean,300,gaussian,0.1578
30,imp,euclidean,300,tricube,0.1642
30,imp,euclidean,500,uniform,0.1479
30,imp,euclidean,500,inverse,0.151
30,imp,euclidean,500,inverse_sq,0.1546
30,imp,euclidean,500,gaussian,0.1514
30,imp,euclidean,500,tricube,0.164
30,imp,euclidean,800,uniform,0.1413
30,imp,euclidean,800,inverse,0.1451
30,imp,euclidean,800,inverse_sq,0.1497
30,imp,euclidean,800,gaussian,0.1453
30,imp,euclidean,800,tricube,0.1618
30,imp,manhattan,5,uniform,0.105
30,imp,manhattan,5,inverse,0.1031
30,imp,manhattan,5,inverse_sq,0.1
30,imp,manhattan,5,gaussian,0.1021
30,imp,manhattan,5,tricube,0.0049
30,imp,manhattan,10,uniform,0.1362
30,imp,manhattan,10,inverse,0.1356
30,imp,manhattan,10,inverse_sq,0.1335
30,imp,manhattan,10,gaussian,0.1353
30,imp,manhattan,10,tricube,0.063
30,imp,manhattan,20,uniform,0.1483
30,imp,manhattan,20,inverse,0.1491
30,imp,manhattan,20,inverse_sq,0.1487
30,imp,manhattan,20,gaussian,0.1491
30,imp,manhattan,20,tricube,0.1071
30,imp,manhattan,40,uniform,0.1581
30,imp,manhattan,40,inverse,0.1588
30,imp,manhattan,40,inverse_sq,0.1589
30,imp,manhattan,40,gaussian,0.1587
30,imp,manhattan,40,tricube,0.1377
30,imp,manhattan,75,uniform,0.1616
30,imp,manhattan,75,inverse,0.1625
30,imp,manhattan,75,inverse_sq,0.163
30,imp,manhattan,75,gaussian,0.1624
30,imp,manhattan,75,tricube,0.1538
30,imp,manhattan,125,uniform,0.1619
30,imp,manhattan,125,inverse,0.1631
30,imp,manhattan,125,inverse_sq,0.1642
30,imp,manhattan,125,gaussian,0.1631
30,imp,manhattan,125,tricube,0.1614
30,imp,manhattan,200,uniform,0.1602
30,imp,manhattan,200,inverse,0.1617
30,imp,manhattan,200,inverse_sq,0.1632
30,imp,manhattan,200,gaussian,0.1617
30,imp,manhattan,200,tricube,0.1648
30,imp,manhattan,300,uniform,0.1562
30,imp,manhattan,300,inverse,0.1583
30,imp,manhattan,300,inverse_sq,0.1606
30,imp,manhattan,300,gaussian,0.1585
30,imp,manhattan,300,tricube,0.1662
30,imp,manhattan,500,uniform,0.1493
30,imp,manhattan,500,inverse,0.1522
30,imp,manhattan,500,inverse_sq,0.1556
30,imp,manhattan,500,gaussian,0.1525
30,imp,manhattan,500,tricube,0.1655
30,imp,manhattan,800,uniform,0.1417
30,imp,manhattan,800,inverse,0.1455
30,imp,manhattan,800,inverse_sq,0.15
30,imp,manhattan,800,gaussian,0.1457
30,imp,manhattan,800,tricube,0.163
30,imp,minkowski1.5,5,uniform,0.0982
30,imp,minkowski1.5,5,inverse,0.097
30,imp,minkowski1.5,5,inverse_sq,0.0946
30,imp,minkowski1.5,5,gaussian,0.0963
30,imp,minkowski1.5,5,tricube,0.0029
30,imp,minkowski1.5,10,uniform,0.1304
30,imp,minkowski1.5,10,inverse,0.1299
30,imp,minkowski1.5,10,inverse_sq,0.1281
30,imp,minkowski1.5,10,gaussian,0.1294
30,imp,minkowski1.5,10,tricube,0.0543
30,imp,minkowski1.5,20,uniform,0.1444
30,imp,minkowski1.5,20,inverse,0.1452
30,imp,minkowski1.5,20,inverse_sq,0.1449
30,imp,minkowski1.5,20,gaussian,0.145
30,imp,minkowski1.5,20,tricube,0.0992
30,imp,minkowski1.5,40,uniform,0.1589
30,imp,minkowski1.5,40,inverse,0.1593
30,imp,minkowski1.5,40,inverse_sq,0.1591
30,imp,minkowski1.5,40,gaussian,0.159
30,imp,minkowski1.5,40,tricube,0.1305
30,imp,minkowski1.5,75,uniform,0.1644
30,imp,minkowski1.5,75,inverse,0.1649
30,imp,minkowski1.5,75,inverse_sq,0.1652
30,imp,minkowski1.5,75,gaussian,0.1648
30,imp,minkowski1.5,75,tricube,0.1492
30,imp,minkowski1.5,125,uniform,0.1631
30,imp,minkowski1.5,125,inverse,0.1642
30,imp,minkowski1.5,125,inverse_sq,0.1651
30,imp,minkowski1.5,125,gaussian,0.1643
30,imp,minkowski1.5,125,tricube,0.1587
30,imp,minkowski1.5,200,uniform,0.1606
30,imp,minkowski1.5,200,inverse,0.1621
30,imp,minkowski1.5,200,inverse_sq,0.1637
30,imp,minkowski1.5,200,gaussian,0.1623
30,imp,minkowski1.5,200,tricube,0.164
30,imp,minkowski1.5,300,uniform,0.1564
30,imp,minkowski1.5,300,inverse,0.1586
30,imp,minkowski1.5,300,inverse_sq,0.1608
30,imp,minkowski1.5,300,gaussian,0.1588
30,imp,minkowski1.5,300,tricube,0.1662
30,imp,minkowski1.5,500,uniform,0.1488
30,imp,minkowski1.5,500,inverse,0.1519
30,imp,minkowski1.5,500,inverse_sq,0.1553
30,imp,minkowski1.5,500,gaussian,0.1522
30,imp,minkowski1.5,500,tricube,0.1662
30,imp,minkowski1.5,800,uniform,0.1424
30,imp,minkowski1.5,800,inverse,0.1461
30,imp,minkowski1.5,800,inverse_sq,0.1504
30,imp,minkowski1.5,800,gaussian,0.1463
30,imp,minkowski1.5,800,tricube,0.1639
30,imp,cosine,5,uniform,0.0984
30,imp,cosine,5,inverse,0.0957
30,imp,cosine,5,inverse_sq,0.0885
30,imp,cosine,5,gaussian,0.0948
30,imp,cosine,5,tricube,0.0044
30,imp,cosine,10,uniform,0.1216
30,imp,cosine,10,inverse,0.1222
30,imp,cosine,10,inverse_sq,0.1175
30,imp,cosine,10,gaussian,0.1219
30,imp,cosine,10,tricube,0.0687
30,imp,cosine,20,uniform,0.1369
30,imp,cosine,20,inverse,0.1389
30,imp,cosine,20,inverse_sq,0.1365
30,imp,cosine,20,gaussian,0.1379
30,imp,cosine,20,tricube,0.1095
30,imp,cosine,40,uniform,0.1492
30,imp,cosine,40,inverse,0.1507
30,imp,cosine,40,inverse_sq,0.1491
30,imp,cosine,40,gaussian,0.1492
30,imp,cosine,40,tricube,0.1315
30,imp,cosine,75,uniform,0.1566
30,imp,cosine,75,inverse,0.1576
30,imp,cosine,75,inverse_sq,0.1566
30,imp,cosine,75,gaussian,0.1565
30,imp,cosine,75,tricube,0.1447
30,imp,cosine,125,uniform,0.1568
30,imp,cosine,125,inverse,0.1586
30,imp,cosine,125,inverse_sq,0.1588
30,imp,cosine,125,gaussian,0.1578
30,imp,cosine,125,tricube,0.1536
30,imp,cosine,200,uniform,0.1537
30,imp,cosine,200,inverse,0.1568
30,imp,cosine,200,inverse_sq,0.1588
30,imp,cosine,200,gaussian,0.1559
30,imp,cosine,200,tricube,0.1573
30,imp,cosine,300,uniform,0.1465
30,imp,cosine,300,inverse,0.1517
30,imp,cosine,300,inverse_sq,0.1563
30,imp,cosine,300,gaussian,0.1503
30,imp,cosine,300,tricube,0.1574
30,imp,cosine,500,uniform,0.14
30,imp,cosine,500,inverse,0.1467
30,imp,cosine,500,inverse_sq,0.1539
30,imp,cosine,500,gaussian,0.1443
30,imp,cosine,500,tricube,0.1535
30,imp,cosine,800,uniform,0.13
30,imp,cosine,800,inverse,0.1394
30,imp,cosine,800,inverse_sq,0.15
30,imp,cosine,800,gaussian,0.1358
30,imp,cosine,800,tricube,0.1478
60,std,euclidean,5,uniform,0.1158
60,std,euclidean,5,inverse,0.1147
60,std,euclidean,5,inverse_sq,0.1128
60,std,euclidean,5,gaussian,0.114
60,std,euclidean,5,tricube,0.0386
60,std,euclidean,10,uniform,0.1428
60,std,euclidean,10,inverse,0.1423
60,std,euclidean,10,inverse_sq,0.1409
60,std,euclidean,10,gaussian,0.142
60,std,euclidean,10,tricube,0.0766
60,std,euclidean,20,uniform,0.1646
60,std,euclidean,20,inverse,0.1642
60,std,euclidean,20,inverse_sq,0.1629
60,std,euclidean,20,gaussian,0.1638
60,std,euclidean,20,tricube,0.1114
60,std,euclidean,40,uniform,0.1689
60,std,euclidean,40,inverse,0.1697
60,std,euclidean,40,inverse_sq,0.1699
60,std,euclidean,40,gaussian,0.1697
60,std,euclidean,40,tricube,0.1431
60,std,euclidean,75,uniform,0.1677
60,std,euclidean,75,inverse,0.1692
60,std,euclidean,75,inverse_sq,0.1706
60,std,euclidean,75,gaussian,0.1694
60,std,euclidean,75,tricube,0.1625
60,std,euclidean,125,uniform,0.1692
60,std,euclidean,125,inverse,0.1705
60,std,euclidean,125,inverse_sq,0.172
60,std,euclidean,125,gaussian,0.1705
60,std,euclidean,125,tricube,0.1726
60,std,euclidean,200,uniform,0.1705
60,std,euclidean,200,inverse,0.1718
60,std,euclidean,200,inverse_sq,0.1734
60,std,euclidean,200,gaussian,0.1718
60,std,euclidean,200,tricube,0.1772
60,std,euclidean,300,uniform,0.1705
60,std,euclidean,300,inverse,0.1718
60,std,euclidean,300,inverse_sq,0.1735
60,std,euclidean,300,gaussian,0.1718
60,std,euclidean,300,tricube,0.1791
60,std,euclidean,500,uniform,0.1662
60,std,euclidean,500,inverse,0.1683
60,std,euclidean,500,inverse_sq,0.1708
60,std,euclidean,500,gaussian,0.1684
60,std,euclidean,500,tricube,0.1793
60,std,euclidean,800,uniform,0.1611
60,std,euclidean,800,inverse,0.1638
60,std,euclidean,800,inverse_sq,0.1672
60,std,euclidean,800,gaussian,0.164
60,std,euclidean,800,tricube,0.1785
60,std,manhattan,5,uniform,0.0822
60,std,manhattan,5,inverse,0.0806
60,std,manhattan,5,inverse_sq,0.0783
60,std,manhattan,5,gaussian,0.0796
60,std,manhattan,5,tricube,-0.0028
60,std,manhattan,10,uniform,0.1126
60,std,manhattan,10,inverse,0.111
60,std,manhattan,10,inverse_sq,0.1085
60,std,manhattan,10,gaussian,0.1101
60,std,manhattan,10,tricube,0.0423
60,std,manhattan,20,uniform,0.1391
60,std,manhattan,20,inverse,0.1376
60,std,manhattan,20,inverse_sq,0.1352
60,std,manhattan,20,gaussian,0.1368
60,std,manhattan,20,tricube,0.0811
60,std,manhattan,40,uniform,0.158
60,std,manhattan,40,inverse,0.1571
60,std,manhattan,40,inverse_sq,0.1553
60,std,manhattan,40,gaussian,0.1563
60,std,manhattan,40,tricube,0.114
60,std,manhattan,75,uniform,0.1671
60,std,manhattan,75,inverse,0.167
60,std,manhattan,75,inverse_sq,0.1664
60,std,manhattan,75,gaussian,0.1665
60,std,manhattan,75,tricube,0.1372
60,std,manhattan,125,uniform,0.1699
60,std,manhattan,125,inverse,0.1703
60,std,manhattan,125,inverse_sq,0.1704
60,std,manhattan,125,gaussian,0.17
60,std,manhattan,125,tricube,0.1519
60,std,manhattan,200,uniform,0.1725
60,std,manhattan,200,inverse,0.1732
60,std,manhattan,200,inverse_sq,0.1738
60,std,manhattan,200,gaussian,0.1729
60,std,manhattan,200,tricube,0.1613
60,std,manhattan,300,uniform,0.1719
60,std,manhattan,300,inverse,0.1731
60,std,manhattan,300,inverse_sq,0.1744
60,std,manhattan,300,gaussian,0.1729
60,std,manhattan,300,tricube,0.1674
60,std,manhattan,500,uniform,0.1669
60,std,manhattan,500,inverse,0.1691
60,std,manhattan,500,inverse_sq,0.1716
60,std,manhattan,500,gaussian,0.1692
60,std,manhattan,500,tricube,0.1726
60,std,manhattan,800,uniform,0.1592
60,std,manhattan,800,inverse,0.1625
60,std,manhattan,800,inverse_sq,0.1663
60,std,manhattan,800,gaussian,0.1627
60,std,manhattan,800,tricube,0.1751
60,std,minkowski1.5,5,uniform,0.0924
60,std,minkowski1.5,5,inverse,0.0911
60,std,minkowski1.5,5,inverse_sq,0.0892
60,std,minkowski1.5,5,gaussian,0.0903
60,std,minkowski1.5,5,tricube,0.0185
60,std,minkowski1.5,10,uniform,0.1222
60,std,minkowski1.5,10,inverse,0.1214
60,std,minkowski1.5,10,inverse_sq,0.1198
60,std,minkowski1.5,10,gaussian,0.1209
60,std,minkowski1.5,10,tricube,0.0567
60,std,minkowski1.5,20,uniform,0.1489
60,std,minkowski1.5,20,inverse,0.148
60,std,minkowski1.5,20,inverse_sq,0.1461
60,std,minkowski1.5,20,gaussian,0.1473
60,std,minkowski1.5,20,tricube,0.0928
60,std,minkowski1.5,40,uniform,0.1601
60,std,minkowski1.5,40,inverse,0.1601
60,std,minkowski1.5,40,inverse_sq,0.1595
60,std,minkowski1.5,40,gaussian,0.1597
60,std,minkowski1.5,40,tricube,0.1232
60,std,minkowski1.5,75,uniform,0.1671
60,std,minkowski1.5,75,inverse,0.1677
60,std,minkowski1.5,75,inverse_sq,0.168
60,std,minkowski1.5,75,gaussian,0.1674
60,std,minkowski1.5,75,tricube,0.1443
60,std,minkowski1.5,125,uniform,0.1708
60,std,minkowski1.5,125,inverse,0.1715
60,std,minkowski1.5,125,inverse_sq,0.1722
60,std,minkowski1.5,125,gaussian,0.1712
60,std,minkowski1.5,125,tricube,0.1576
60,std,minkowski1.5,200,uniform,0.1724
60,std,minkowski1.5,200,inverse,0.1732
60,std,minkowski1.5,200,inverse_sq,0.1742
60,std,minkowski1.5,200,gaussian,0.173
60,std,minkowski1.5,200,tricube,0.1654
60,std,minkowski1.5,300,uniform,0.1723
60,std,minkowski1.5,300,inverse,0.1735
60,std,minkowski1.5,300,inverse_sq,0.1748
60,std,minkowski1.5,300,gaussian,0.1733
60,std,minkowski1.5,300,tricube,0.1701
60,std,minkowski1.5,500,uniform,0.1682
60,std,minkowski1.5,500,inverse,0.1701
60,std,minkowski1.5,500,inverse_sq,0.1724
60,std,minkowski1.5,500,gaussian,0.1702
60,std,minkowski1.5,500,tricube,0.1739
60,std,minkowski1.5,800,uniform,0.1621
60,std,minkowski1.5,800,inverse,0.1649
60,std,minkowski1.5,800,inverse_sq,0.1682
60,std,minkowski1.5,800,gaussian,0.1651
60,std,minkowski1.5,800,tricube,0.1755
60,std,cosine,5,uniform,0.1179
60,std,cosine,5,inverse,0.114
60,std,cosine,5,inverse_sq,0.1066
60,std,cosine,5,gaussian,0.1152
60,std,cosine,5,tricube,0.0508
60,std,cosine,10,uniform,0.1357
60,std,cosine,10,inverse,0.1345
60,std,cosine,10,inverse_sq,0.128
60,std,cosine,10,gaussian,0.1361
60,std,cosine,10,tricube,0.1012
60,std,cosine,20,uniform,0.1553
60,std,cosine,20,inverse,0.1549
60,std,cosine,20,inverse_sq,0.1488
60,std,cosine,20,gaussian,0.1553
60,std,cosine,20,tricube,0.1308
60,std,cosine,40,uniform,0.1601
60,std,cosine,40,inverse,0.1628
60,std,cosine,40,inverse_sq,0.16
60,std,cosine,40,gaussian,0.1621
60,std,cosine,40,tricube,0.1499
60,std,cosine,75,uniform,0.1581
60,std,cosine,75,inverse,0.1621
60,std,cosine,75,inverse_sq,0.1627
60,std,cosine,75,gaussian,0.1608
60,std,cosine,75,tricube,0.161
60,std,cosine,125,uniform,0.1549
60,std,cosine,125,inverse,0.1595
60,std,cosine,125,inverse_sq,0.1624
60,std,cosine,125,gaussian,0.1578
60,std,cosine,125,tricube,0.1636
60,std,cosine,200,uniform,0.1504
60,std,cosine,200,inverse,0.1556
60,std,cosine,200,inverse_sq,0.1608
60,std,cosine,200,gaussian,0.1537
60,std,cosine,200,tricube,0.1625
60,std,cosine,300,uniform,0.1467
60,std,cosine,300,inverse,0.1523
60,std,cosine,300,inverse_sq,0.1589
60,std,cosine,300,gaussian,0.15
60,std,cosine,300,tricube,0.1599
60,std,cosine,500,uniform,0.1409
60,std,cosine,500,inverse,0.1472
60,std,cosine,500,inverse_sq,0.1558
60,std,cosine,500,gaussian,0.1446
60,std,cosine,500,tricube,0.1549
60,std,cosine,800,uniform,0.1334
60,std,cosine,800,inverse,0.1415
60,std,cosine,800,inverse_sq,0.1524
60,std,cosine,800,gaussian,0.138
60,std,cosine,800,tricube,0.1491
60,imp,euclidean,5,uniform,0.09
60,imp,euclidean,5,inverse,0.0889
60,imp,euclidean,5,inverse_sq,0.087
60,imp,euclidean,5,gaussian,0.0881
60,imp,euclidean,5,tricube,0.0083
60,imp,euclidean,10,uniform,0.124
60,imp,euclidean,10,inverse,0.1236
60,imp,euclidean,10,inverse_sq,0.1221
60,imp,euclidean,10,gaussian,0.1229
60,imp,euclidean,10,tricube,0.0531
60,imp,euclidean,20,uniform,0.1497
60,imp,euclidean,20,inverse,0.1494
60,imp,euclidean,20,inverse_sq,0.1482
60,imp,euclidean,20,gaussian,0.1485
60,imp,euclidean,20,tricube,0.0951
60,imp,euclidean,40,uniform,0.1652
60,imp,euclidean,40,inverse,0.165
60,imp,euclidean,40,inverse_sq,0.1643
60,imp,euclidean,40,gaussian,0.1642
60,imp,euclidean,40,tricube,0.1286
60,imp,euclidean,75,uniform,0.169
60,imp,euclidean,75,inverse,0.1696
60,imp,euclidean,75,inverse_sq,0.1699
60,imp,euclidean,75,gaussian,0.1692
60,imp,euclidean,75,tricube,0.1497
60,imp,euclidean,125,uniform,0.1731
60,imp,euclidean,125,inverse,0.1738
60,imp,euclidean,125,inverse_sq,0.1745
60,imp,euclidean,125,gaussian,0.1735
60,imp,euclidean,125,tricube,0.1616
60,imp,euclidean,200,uniform,0.1755
60,imp,euclidean,200,inverse,0.1765
60,imp,euclidean,200,inverse_sq,0.1775
60,imp,euclidean,200,gaussian,0.1762
60,imp,euclidean,200,tricube,0.1703
60,imp,euclidean,300,uniform,0.1746
60,imp,euclidean,300,inverse,0.176
60,imp,euclidean,300,inverse_sq,0.1776
60,imp,euclidean,300,gaussian,0.1759
60,imp,euclidean,300,tricube,0.1753
60,imp,euclidean,500,uniform,0.1714
60,imp,euclidean,500,inverse,0.1734
60,imp,euclidean,500,inverse_sq,0.1758
60,imp,euclidean,500,gaussian,0.1734
60,imp,euclidean,500,tricube,0.1789
60,imp,euclidean,800,uniform,0.1699
60,imp,euclidean,800,inverse,0.1722
60,imp,euclidean,800,inverse_sq,0.1749
60,imp,euclidean,800,gaussian,0.1721
60,imp,euclidean,800,tricube,0.1802
60,imp,manhattan,5,uniform,0.0789
60,imp,manhattan,5,inverse,0.0774
60,imp,manhattan,5,inverse_sq,0.0749
60,imp,manhattan,5,gaussian,0.0763
60,imp,manhattan,5,tricube,-0.0064
60,imp,manhattan,10,uniform,0.1151
60,imp,manhattan,10,inverse,0.1131
60,imp,manhattan,10,inverse_sq,0.1101
60,imp,manhattan,10,gaussian,0.1121
60,imp,manhattan,10,tricube,0.0416
60,imp,manhattan,20,uniform,0.1378
60,imp,manhattan,20,inverse,0.1366
60,imp,manhattan,20,inverse_sq,0.1344
60,imp,manhattan,20,gaussian,0.1358
60,imp,manhattan,20,tricube,0.0819
60,imp,manhattan,40,uniform,0.157
60,imp,manhattan,40,inverse,0.1563
60,imp,manhattan,40,inverse_sq,0.1548
60,imp,manhattan,40,gaussian,0.1554
60,imp,manhattan,40,tricube,0.1139
60,imp,manhattan,75,uniform,0.1654
60,imp,manhattan,75,inverse,0.1654
60,imp,manhattan,75,inverse_sq,0.165
60,imp,manhattan,75,gaussian,0.1648
60,imp,manhattan,75,tricube,0.1374
60,imp,manhattan,125,uniform,0.1707
60,imp,manhattan,125,inverse,0.1709
60,imp,manhattan,125,inverse_sq,0.171
60,imp,manhattan,125,gaussian,0.1705
60,imp,manhattan,125,tricube,0.1518
60,imp,manhattan,200,uniform,0.1722
60,imp,manhattan,200,inverse,0.1728
60,imp,manhattan,200,inverse_sq,0.1734
60,imp,manhattan,200,gaussian,0.1725
60,imp,manhattan,200,tricube,0.1614
60,imp,manhattan,300,uniform,0.1715
60,imp,manhattan,300,inverse,0.1727
60,imp,manhattan,300,inverse_sq,0.1739
60,imp,manhattan,300,gaussian,0.1725
60,imp,manhattan,300,tricube,0.1676
60,imp,manhattan,500,uniform,0.17
60,imp,manhattan,500,inverse,0.1718
60,imp,manhattan,500,inverse_sq,0.1738
60,imp,manhattan,500,gaussian,0.1717
60,imp,manhattan,500,tricube,0.1726
60,imp,manhattan,800,uniform,0.1671
60,imp,manhattan,800,inverse,0.1695
60,imp,manhattan,800,inverse_sq,0.1724
60,imp,manhattan,800,gaussian,0.1694
60,imp,manhattan,800,tricube,0.1751
60,imp,minkowski1.5,5,uniform,0.0803
60,imp,minkowski1.5,5,inverse,0.0789
60,imp,minkowski1.5,5,inverse_sq,0.0767
60,imp,minkowski1.5,5,gaussian,0.0779
60,imp,minkowski1.5,5,tricube,-0.0088
60,imp,minkowski1.5,10,uniform,0.1187
60,imp,minkowski1.5,10,inverse,0.1175
60,imp,minkowski1.5,10,inverse_sq,0.1152
60,imp,minkowski1.5,10,gaussian,0.1165
60,imp,minkowski1.5,10,tricube,0.04
60,imp,minkowski1.5,20,uniform,0.1426
60,imp,minkowski1.5,20,inverse,0.142
60,imp,minkowski1.5,20,inverse_sq,0.1404
60,imp,minkowski1.5,20,gaussian,0.1412
60,imp,minkowski1.5,20,tricube,0.0837
60,imp,minkowski1.5,40,uniform,0.1608
60,imp,minkowski1.5,40,inverse,0.1606
60,imp,minkowski1.5,40,inverse_sq,0.1596
60,imp,minkowski1.5,40,gaussian,0.1597
60,imp,minkowski1.5,40,tricube,0.1186
60,imp,minkowski1.5,75,uniform,0.1683
60,imp,minkowski1.5,75,inverse,0.1686
60,imp,minkowski1.5,75,inverse_sq,0.1687
60,imp,minkowski1.5,75,gaussian,0.1681
60,imp,minkowski1.5,75,tricube,0.142
60,imp,minkowski1.5,125,uniform,0.1724
60,imp,minkowski1.5,125,inverse,0.1729
60,imp,minkowski1.5,125,inverse_sq,0.1733
60,imp,minkowski1.5,125,gaussian,0.1725
60,imp,minkowski1.5,125,tricube,0.1562
60,imp,minkowski1.5,200,uniform,0.1731
60,imp,minkowski1.5,200,inverse,0.1741
60,imp,minkowski1.5,200,inverse_sq,0.175
60,imp,minkowski1.5,200,gaussian,0.1739
60,imp,minkowski1.5,200,tricube,0.1658
60,imp,minkowski1.5,300,uniform,0.1722
60,imp,minkowski1.5,300,inverse,0.1735
60,imp,minkowski1.5,300,inverse_sq,0.175
60,imp,minkowski1.5,300,gaussian,0.1735
60,imp,minkowski1.5,300,tricube,0.1714
60,imp,minkowski1.5,500,uniform,0.1692
60,imp,minkowski1.5,500,inverse,0.1712
60,imp,minkowski1.5,500,inverse_sq,0.1735
60,imp,minkowski1.5,500,gaussian,0.1712
60,imp,minkowski1.5,500,tricube,0.1756
60,imp,minkowski1.5,800,uniform,0.1685
60,imp,minkowski1.5,800,inverse,0.1706
60,imp,minkowski1.5,800,inverse_sq,0.1732
60,imp,minkowski1.5,800,gaussian,0.1705
60,imp,minkowski1.5,800,tricube,0.1772
60,imp,cosine,5,uniform,0.0669
60,imp,cosine,5,inverse,0.0644
60,imp,cosine,5,inverse_sq,0.0588
60,imp,cosine,5,gaussian,0.0639
60,imp,cosine,5,tricube,-0.0068
60,imp,cosine,10,uniform,0.1039
60,imp,cosine,10,inverse,0.1019
60,imp,cosine,10,inverse_sq,0.0954
60,imp,cosine,10,gaussian,0.1017
60,imp,cosine,10,tricube,0.0466
60,imp,cosine,20,uniform,0.133
60,imp,cosine,20,inverse,0.132
60,imp,cosine,20,inverse_sq,0.1259
60,imp,cosine,20,gaussian,0.131
60,imp,cosine,20,tricube,0.0898
60,imp,cosine,40,uniform,0.1483
60,imp,cosine,40,inverse,0.1478
60,imp,cosine,40,inverse_sq,0.1428
60,imp,cosine,40,gaussian,0.1467
60,imp,cosine,40,tricube,0.1201
60,imp,cosine,75,uniform,0.1553
60,imp,cosine,75,inverse,0.1553
60,imp,cosine,75,inverse_sq,0.1517
60,imp,cosine,75,gaussian,0.1545
60,imp,cosine,75,tricube,0.1404
60,imp,cosine,125,uniform,0.1564
60,imp,cosine,125,inverse,0.1573
60,imp,cosine,125,inverse_sq,0.1554
60,imp,cosine,125,gaussian,0.1566
60,imp,cosine,125,tricube,0.1504
60,imp,cosine,200,uniform,0.1551
60,imp,cosine,200,inverse,0.1569
60,imp,cosine,200,inverse_sq,0.1568
60,imp,cosine,200,gaussian,0.1562
60,imp,cosine,200,tricube,0.1553
60,imp,cosine,300,uniform,0.1509
60,imp,cosine,300,inverse,0.1544
60,imp,cosine,300,inverse_sq,0.1564
60,imp,cosine,300,gaussian,0.1534
60,imp,cosine,300,tricube,0.1571
60,imp,cosine,500,uniform,0.1465
60,imp,cosine,500,inverse,0.1514
60,imp,cosine,500,inverse_sq,0.1558
60,imp,cosine,500,gaussian,0.1498
60,imp,cosine,500,tricube,0.1563
60,imp,cosine,800,uniform,0.1375
60,imp,cosine,800,inverse,0.1449
60,imp,cosine,800,inverse_sq,0.1527
60,imp,cosine,800,gaussian,0.1424
60,imp,cosine,800,tricube,0.1532
