model,user_id,horizon_min,rmse,skill
global,user_0,30,4.787,0.1939
global,user_0,60,7.583,0.17
global,user_1,30,4.768,0.1384
global,user_1,60,6.647,0.0127
global,user_2,30,6.412,0.1734
global,user_2,60,9.119,0.1154
global,user_3,30,8.048,0.157
global,user_3,60,12.57,0.105
global,user_4,30,6.639,0.1645
global,user_4,60,9.405,0.1018
personalized,user_0,30,4.626,0.2209
personalized,user_0,60,7.537,0.175
personalized,user_1,30,4.665,0.157
personalized,user_1,60,6.501,0.0343
personalized,user_2,30,6.227,0.1972
personalized,user_2,60,8.401,0.185
personalized,user_3,30,8.084,0.1532
personalized,user_3,60,12.799,0.0887
personalized,user_4,30,6.547,0.1761
personalized,user_4,60,9.507,0.0921
